G,M_per_group,N,K,GiB,ms,TFLOPS,status
32,32768,8192,4096,26.0,24.9431,2821.17,ok
32,32768,4096,4096,17.0,12.2866,2863.65,ok
32,65536,8192,4096,50.0,51.9736,2707.87,ok
32,65536,4096,4096,33.0,25.1588,2796.98,ok
8,32768,8192,4096,6.5,6.0274,2918.71,ok
8,32768,4096,4096,4.2,3.0389,2894.47,ok
8,65536,8192,4096,12.5,12.2128,2880.95,ok
8,65536,4096,4096,8.2,6.0409,2912.20,ok
1,4096,4096,4096,0.1,0.0502,2740.28,ok
1,8192,8192,8192,0.4,0.3942,2789.53,ok
1,16384,16384,16384,1.5,3.1839,2762.69,ok
16,4096,4096,4096,1.5,0.7839,2805.07,ok
